{
	"__comment": "Designed by Sphax with BDcraft Cubik PRO 0.75 Beta - http://bdcraft.net",
	"ambientocclusion": false,
	"textures": {
		"fire": "blocks/bdc_torch"
	},
	"elements": [
		{
			"__comment": "fire",
			"from": [ 5.5, 6.5, 5.5 ],
			"to": [ 5.5625, 20.5, 12.5 ],
			"rotation": { "origin": [ 5.5, 6.5, 5.5 ], "axis": "y", "angle": 45 },
			"shade": false,
			"faces": {
				"west": { "uv": [ 5, 0, 11, 16 ], "texture": "#fire" },
				"east": { "uv": [ 5, 0, 11, 16 ], "texture": "#fire" }
			}
		},
		{
			"__comment": "fire2",
			"from": [ 10.5, 6.5, 5.5 ],
			"to": [ 10.5625, 20.5, 12.5 ],
			"rotation": { "origin": [ 10.5, 6.5, 5.5 ], "axis": "y", "angle": -45 },
			"shade": false,
			"faces": {
				"west": { "uv": [ 5, 0, 11, 16 ], "texture": "#fire" },
				"east": { "uv": [ 5, 0, 11, 16 ], "texture": "#fire" }
			}
		}
	]
}
